post_id,url,sentence,score,type,year,subreddit_source
1tc2by7,https://www.reddit.com/r/solofemaletravellers/comments/1tc2by7/,"I love this anticipation, this excitement, this feeling that I am taking a major leap into the unknown 💙 I live for this honestly.",0.913,breakthrough,2026,solofemaletravellers
1taiqe0,https://www.reddit.com/r/solofemaletravellers/comments/1taiqe0/,It ended up being one of the most life changing experiences honestly.,0.884,breakthrough,2026,solofemaletravellers
1m09rso,https://www.reddit.com/r/femaletravels/comments/1m09rso/,"Mentally, I am excited to go out and explore.",0.864,breakthrough,2025,femaletravels
1k7fhww,https://www.reddit.com/r/femaletravels/comments/1k7fhww/,I am anxious but also excited.,0.86,breakthrough,2025,femaletravels
1hd95bt,https://www.reddit.com/r/femaletravels/comments/1hd95bt/,So I am excited to explore.,0.85,breakthrough,2024,femaletravels
1nzpnvk,https://www.reddit.com/r/femaletravels/comments/1nzpnvk/,I'm excited but also anxious.,0.847,breakthrough,2025,femaletravels
1btcsvq,https://www.reddit.com/r/femaletravels/comments/1btcsvq/,"I am a new me, and I realize now that I don't need anyone else's permission to do the things I long to do <3",0.844,breakthrough,2024,femaletravels
1kf8vmy,https://www.reddit.com/r/femaletravels/comments/1kf8vmy/,"Overall, I am soooooo elated about this experience and have something to look forward to whenever life feels heavy 😀",0.844,breakthrough,2025,femaletravels
1k4dkd5,https://www.reddit.com/r/femaletravels/comments/1k4dkd5/,It being a destination feels like a huge lot of excitement for me.,0.834,breakthrough,2025,femaletravels
1j6sprf,https://www.reddit.com/r/solofemaletravellers/comments/1j6sprf/,"I’m wavering between excited about the trip and terrified - I’m someone who is deeply scared of loneliness, but I feel like the universe has given me this opportunity to get comfortable with being alone while I heal and process.",0.832,breakthrough,2025,solofemaletravellers
1fknfrs,https://www.reddit.com/r/femaletravels/comments/1fknfrs/,it fills me with excitement but also anxiety lol.,0.827,breakthrough,2024,femaletravels
13e22cy,https://www.reddit.com/r/solofemaletravellers/comments/13e22cy/,I'm excited but also anxious!,0.823,breakthrough,2023,solofemaletravellers
14m9nfm,https://www.reddit.com/r/femaletravels/comments/14m9nfm/,I am scared but so excited at the same time,0.822,breakthrough,2023,femaletravels
1ktdqdc,https://www.reddit.com/r/femaletravels/comments/1ktdqdc/,I also feel like I want to prove to myself that I can do this on my own and stay safe.,0.817,breakthrough,2025,femaletravels
1ota0m8,https://www.reddit.com/r/solofemaletravellers/comments/1ota0m8/,What new ways I've learned to trust myself.,0.814,breakthrough,2025,solofemaletravellers
1ota0b1,https://www.reddit.com/r/femaletravels/comments/1ota0b1/,What new ways I've learned to trust myself.,0.814,breakthrough,2025,femaletravels
1lzbb45,https://www.reddit.com/r/solofemaletravellers/comments/1lzbb45/,I am excited thinking about having this experience and opportunity to go but at the same time scared (mainly safety and not enjoying myself) and feeling lonely which I think is what’s holding me back.,0.814,breakthrough,2025,solofemaletravellers
12igks2,https://www.reddit.com/r/femaletravels/comments/12igks2/,I prefer to explore but I am feeling a bit uneasy.,0.813,breakthrough,2023,femaletravels
1lskk1m,https://www.reddit.com/r/femaletravels/comments/1lskk1m/,I'm excited but also so nervous.,0.812,breakthrough,2025,femaletravels
1po2cbp,https://www.reddit.com/r/femaletravels/comments/1po2cbp/,I'm very excited but kind of worried,0.812,breakthrough,2025,femaletravels
1kys6dt,https://www.reddit.com/r/solofemaletravellers/comments/1kys6dt/,"i’m excited, nervous, curious, and just ready for it to happen but i also feel like times moving too fast?",0.811,breakthrough,2025,solofemaletravellers
1mu182t,https://www.reddit.com/r/femaletravels/comments/1mu182t/,Going solo as a normally introverted person has opened me up to levels I never thought I could.,0.81,breakthrough,2025,femaletravels
1mxnm41,https://www.reddit.com/r/femaletravels/comments/1mxnm41/,Going solo as a normally introverted person has opened me up to levels I never thought I could.,0.81,breakthrough,2025,femaletravels
1taiqe0,https://www.reddit.com/r/solofemaletravellers/comments/1taiqe0/,Just sharing how shifting my perspective completely changed my life in ways I really didn’t expect 🌻,0.809,breakthrough,2026,solofemaletravellers
1qradqb,https://www.reddit.com/r/femaletravels/comments/1qradqb/,"I’m super excited, but I do have occasional anxious thoughts/feelings about it that I’m afraid might make me talk myself out of it!",0.809,breakthrough,2026,femaletravels
1p3e2f7,https://www.reddit.com/r/femaletravels/comments/1p3e2f7/,A bit nervous but I also know I’m going to love it.,0.809,breakthrough,2025,femaletravels
14jotrw,https://www.reddit.com/r/femaletravels/comments/14jotrw/,I’m very excited but a little nervous since it’s my first time.,0.806,breakthrough,2023,femaletravels
1jd8usu,https://www.reddit.com/r/femaletravels/comments/1jd8usu/,"I'm excited but also really, really nervous.",0.804,breakthrough,2025,femaletravels
v9jlca,https://www.reddit.com/r/femaletravels/comments/v9jlca/,"i’m very excited but starting to get a little nervous, it’s hitting me how young i really am and how vulnerable i will be in a new country.",0.804,breakthrough,2022,femaletravels
1m6xnfn,https://www.reddit.com/r/solofemaletravellers/comments/1m6xnfn/,"How I finally found the courage to travel solo at 54 years Hi everyone, I never thought I’d be writing something like this, but here we are.",0.802,breakthrough,2025,solofemaletravellers
1l4oaev,https://www.reddit.com/r/femaletravels/comments/1l4oaev/,I’m really excited but also a bit nervous since it’s my first time traveling alone.,0.801,breakthrough,2025,femaletravels
1pzt1kh,https://www.reddit.com/r/femaletravels/comments/1pzt1kh/,"I’m excited, but for some reason I feel barriers to actually doing it.",0.801,breakthrough,2025,femaletravels
1fqn0zv,https://www.reddit.com/r/femaletravels/comments/1fqn0zv/,"I'm scared to go by myself, but I'm more excited than I am scared!",0.801,breakthrough,2024,femaletravels
1iihh5u,https://www.reddit.com/r/femaletravels/comments/1iihh5u/,A few years ago I got into solo traveling and have fallen in love with the overall freedom.. which I was originally terrified to be alone.,0.801,breakthrough,2025,femaletravels
1ldt86h,https://www.reddit.com/r/femaletravels/comments/1ldt86h/,"For the first time, I’m totally okay with doing things on my own and not needing anyone by my side.",0.8,breakthrough,2025,femaletravels
1rlnutn,https://www.reddit.com/r/solofemaletravellers/comments/1rlnutn/,I’m very excited to explore for myself and have the freedom to be my own person.,0.799,breakthrough,2026,solofemaletravellers
1szrq54,https://www.reddit.com/r/solofemaletravellers/comments/1szrq54/,"I am scared, anxious, a little bit excited and mix of many emotions.",0.799,breakthrough,2026,solofemaletravellers
1qdzn3n,https://www.reddit.com/r/solofemaletravellers/comments/1qdzn3n/,"I’ve traveled before (group programs + longer stays abroad), but never fully solo, and I’m honestly feeling a mix of excitement and panic.",0.798,breakthrough,2026,solofemaletravellers
1ez1fx2,https://www.reddit.com/r/femaletravels/comments/1ez1fx2/,"I’m very excited for this opportunity to exercise my self-determination, but I’m also so nervous!",0.797,breakthrough,2024,femaletravels
1g1b333,https://www.reddit.com/r/femaletravels/comments/1g1b333/,I’m nervous because im a little socially anxious but also excited to really test myself and rely on myself and my abilities for once.,0.797,breakthrough,2024,femaletravels
1slkisq,https://www.reddit.com/r/solofemaletravellers/comments/1slkisq/,This is my first solo trip and I’m extremely nervous and excited.,0.795,breakthrough,2026,solofemaletravellers
1pfia7z,https://www.reddit.com/r/solofemaletravellers/comments/1pfia7z/,"Part of me is nervous because I’ll be starting totally alone, but another part of me is really excited.",0.795,breakthrough,2025,solofemaletravellers
1llihtd,https://www.reddit.com/r/femaletravels/comments/1llihtd/,I’m super excited for this work opportunity (big milestone) and what feels like the start of a new chapter.,0.795,breakthrough,2025,femaletravels
1fsv43v,https://www.reddit.com/r/femaletravels/comments/1fsv43v/,"I really hope this solo travel can make me a bit more confident But since this is the first solo travel , I have fear and anxiety .",0.795,breakthrough,2024,femaletravels
1fsv4uk,https://www.reddit.com/r/solofemaletravellers/comments/1fsv4uk/,"I really hope this solo travel can make me a bit more confident But since this is the first solo travel , I have fear and anxiety .",0.795,breakthrough,2024,solofemaletravellers
1p6rzqp,https://www.reddit.com/r/femaletravels/comments/1p6rzqp/,I’ve never traveled alone before and I am feeling very nervous but figure I can start small and work my way up.,0.795,breakthrough,2025,femaletravels
1o2bf03,https://www.reddit.com/r/femaletravels/comments/1o2bf03/,"I read somewhere which said something like DO IT ALONE, it kinda inspired me ngl but I'm a little scared.",0.794,breakthrough,2025,femaletravels
1kh6t43,https://www.reddit.com/r/femaletravels/comments/1kh6t43/,I want to experience that freedom and not wait for someone to let me.,0.794,breakthrough,2025,femaletravels
1nvajt7,https://www.reddit.com/r/femaletravels/comments/1nvajt7/,I’m excited but also a bit nervous about being out at night alone and figuring out trains between cities.,0.793,breakthrough,2025,femaletravels
1qke0f4,https://www.reddit.com/r/solofemaletravellers/comments/1qke0f4/,I have a fear that I will get lost or do something silly...,0.793,breakthrough,2026,solofemaletravellers
