Topic,Rank,Post_ID,Subreddit,Date,Score,Num_Comments,Title,Text_Preview
0,1,1i6e37k,solofemaletravellers,2025-01-21 08:26:02,1,0,"Wanting to start travelling again but feeling mentally stuck, especially with my weight","Wanting to start travelling again but feeling mentally stuck, especially with my weight Hoping for some reassurance or a slap around the head (with words) possibly, as I know my brain is being silly a..."
0,2,1koyqtn,femaletravels,2025-05-17 17:44:18,6,1,Trip report: Jordan (castle road) + budget and pictures,"Trip report: Jordan (castle road) + budget and pictures Hi all! I love trip reports here, and I use them a lot to prepare my trips so here's mine! Feel free to ask me any questions you may have! Backg..."
0,3,1dnutry,femaletravels,2024-06-25 02:04:45,6,14,Help me decide between Split and Dubrovnik!,"Help me decide between Split and Dubrovnik! Hi all, Forewarning, this will be a very long post, as I am trying to be as specific as possible while providing context. I am doing some research and plann..."
1,1,1buohtr,femaletravels,2024-04-03 09:42:32,0,6,Ok girly pops Please help me choose my first (yes cheap) one bag bag,Ok girly pops Please help me choose my first (yes cheap) one bag bag Hello!! I have been super obsessed and inspired by your posts about daily carry and all things about your different packing pro-tip...
1,2,yvmvuc,femaletravels,2022-11-15 04:33:42,3,0,Please help me decide on what gear to used based on my situation!! <3,"Please help me decide on what gear to used based on my situation!! <3 So in the past when I have travelled, I have always brought an insane immense amount of stuff (when I initially left I was under t..."
1,3,1satvsa,solofemaletravellers,2026-04-02 21:11:12,2,21,Travel tips for the fashion obsessed?,Travel tips for the fashion obsessed? I'm planning on investing into doing long term trips(min a month) rather than short term trips. But the thing that stresses me out the most about that is that I'm...
2,1,1qt49uv,femaletravels,2026-02-01 17:14:50,3,4,Fashion/packing help - jacket and hiking shoes for late winter/early spring in South of France,"Fashion/packing help - jacket and hiking shoes for late winter/early spring in South of France Hi! I'll be in the South of France from March 1 - May 30, so I'll catch end of winter and then onto sprin..."
2,2,1omfjzv,femaletravels,2025-11-02 12:05:25,8,43,Need help with shoes for Europe Winter,"Need help with shoes for Europe Winter Hi everyone! I’m from Australia and visiting Europe in December (for 3.5 weeks), and I’m so confused about what shoes to bring. I’m not too sure how wet/snowy it..."
2,3,1dtitgi,solofemaletravellers,2024-07-02 10:46:20,2,0,Shoe recommendations for 4 months backpacking Europe,"Shoe recommendations for 4 months backpacking Europe Hi all, basically the title. This is what I'm planning on taking but I don't know if it's overkill or not enough. My main bag is 55 litres and then..."
3,1,1lbpcv3,femaletravels,2025-06-15 02:15:42,6,7,Beauty products/treatments while traveling,Beauty products/treatments while traveling I’m going traveling for 2 months in Europe this summer and I do want to feel good and take care of myself while away. I’m feeling okay about skin care/makeup...
3,2,1lphncm,femaletravels,2025-07-02 00:07:35,3,9,High Maintenance Beauty Tips!!!,High Maintenance Beauty Tips!!! Ok so this is more for girls with ethnic hair and textures / thick & long / even colored hair (basically if it takes more than 20min to do your hair or if you need a sp...
3,3,1fgtiq5,femaletravels,2024-09-14 19:11:44,25,53,Styling hair whilst travelling??,"Styling hair whilst travelling?? This post is so basic, sorry, but im looking for advice on how to style my hair whilst backpacking south east Asia with no hairdryer/straighteners/very little products..."
4,1,1eymong,femaletravels,2024-08-22 15:46:14,3,13,How does the travel esim work?,How does the travel esim work? Hi! I’ll be travelling to Europe - Switzerland and Italy for 12 days in October. I’d like to stay connected and available in case I need to reach family or need to get m...
4,2,1bowpnl,femaletravels,2024-03-27 08:15:52,41,2,What is an eSIM and how to use it?,"What is an eSIM and how to use it? Hi, everyone! After doing a lot of short-term traveling, I have researched the majority of eSIM providers and different options to get mobile data out there (eSIM pr..."
4,3,1jioy72,femaletravels,2025-03-24 12:00:38,15,4,Saily vs Nomad eSIM? Which one is better for Southeast Asia,"Saily vs Nomad eSIM? Which one is better for Southeast Asia Hey there fellow female travelers, I am so happy for my upcoming solo trip to southeast Asia. I’ll be traveling around Thailand, Vietnam and..."
5,1,1j0zz1d,femaletravels,2025-03-01 13:54:56,4,3,Any recommendations on tiny portable camera for introverted traveller?,"Any recommendations on tiny portable camera for introverted traveller? Hi, Reddit! 👋 It's my first time solo travelling to Europe and I was wondering if you guys have any recommendations on what tiny ..."
5,2,1igben8,femaletravels,2025-02-02 23:48:53,20,23,How to take photos without getting your phone stolen? (London),"How to take photos without getting your phone stolen? (London) Hey hey! For anyone who’s been to London recently, how did you take photos without getting your phone stolen? Did you use a strap that wa..."
5,3,1ltk61d,femaletravels,2025-07-07 03:40:52,3,3,Travel camera,"Travel camera Hi I am a very very beginner in Camera , except that I have a iPhone 14 Plus . Now I started to plan for my first ever solo trip to Asia and I would like to record my journey for which I..."
6,1,1276c6m,femaletravels,2023-03-31 01:49:59,1,5,Has traveling ever made you miss your period?,"Has traveling ever made you miss your period? Hello all, I moved to New Zealand from the US 3 weeks ago. My period was due to arrive shortly after I did, but it never showed up. It’s now 14 days late...."
6,2,1qbmqkk,femaletravels,2026-01-13 09:13:36,2,4,"Irregular periods after long distance travel, anyone else?","Irregular periods after long distance travel, anyone else? Hi fellow travellers! I recently traveled from Europe to South America for two weeks, and my cycle has been really strange since then. I had ..."
6,3,1hhrh0m,femaletravels,2024-12-19 12:06:50,14,13,Travel and your period,Travel and your period My last 3 trips I’ve noticed my period gets screwed up. I’m usually regular as a clock but when I travel it becomes unpredictable. I did some googling and apparently with the ti...
7,1,11jinge,femaletravels,2023-03-06 00:15:12,6,2,Recommendations on travel insurance,Recommendations on travel insurance I am planning to travel internationally in the next few months and looking into different options for travel insurance. I would like to hear peoples experience rega...
7,2,1txlu9o,solofemaletravellers,2026-06-05 14:01:27,0,2,Looking for Personal Liability Insurance separate from my Travel Insurance,Looking for Personal Liability Insurance separate from my Travel Insurance I am in Estonia and needing a secondary insurance for damages to others and property as I ride city bikes. My current travel ...
7,3,1nff7vt,femaletravels,2025-09-12 21:19:25,6,5,US Resident - Travel Health Insurance,"US Resident - Travel Health Insurance Hey all! Looking for some advice on good travel health insurance plans. Some context, I am a pretty healthy and active 25 year old from the United States, and her..."
8,1,1ajp7k2,femaletravels,2024-02-05 19:31:10,8,31,Bringing birth control with me abroad,"Bringing birth control with me abroad Hi! Later in the year it’s going to be my first time travelling for a long period of time (3 months), and I’m flying from UK to Croatia, and also travelling throu..."
8,2,16cmwhw,solofemaletravellers,2023-09-07 18:51:02,4,6,Birth control while traveling?,"Birth control while traveling? Hey all- long time Depo user here. I am the proud owner of a very unforgiving uterus that can only be tamed by getting an injection every 3 months. So far, this hasn't b..."
8,3,1hp8sc7,femaletravels,2024-12-29 23:16:50,19,61,Non IUD Birth Control Options for Female Travelers?,Non IUD Birth Control Options for Female Travelers? EDIT: Thank you all for all these responses! Wild how much everyone's experiences with various methods vary so greatly. I'll definitely continue to ...
9,1,1ozh4k5,solofemaletravellers,2025-11-17 14:04:19,1,0,.Heading to Portland for a week any tips for staying social?,".Heading to Portland for a week any tips for staying social? I’m heading to Portland for a one week trip and even though I’m excited, I’m also a little nervous. I work remotely and I’m doing this trip..."
9,2,1ozh57z,solofemaletravellers,2025-11-17 14:05:05,175,10,Heading to Portland for a week any tips for staying social?,"Heading to Portland for a week any tips for staying social? I’m heading to Portland for a one week trip and even though I’m excited, I’m also a little nervous. I work remotely and I’m doing this trip ..."
9,3,1hzhzdq,femaletravels,2025-01-12 08:02:12,4,1,Solo Trip Report: Portland & hiking Trail of Ten Falls,Solo Trip Report: Portland & hiking Trail of Ten Falls I did a solo trip to Portland in mid November and it was absolutely lovely and I can’t wait to do it again! I travelled to Oregon to do the Trail...
10,1,1l81z5r,solofemaletravellers,2025-06-10 15:40:12,1,5,Passport Help!,"Passport Help! Hi!! I have a question for all of my fellow solo travel ladies. I am travelling solo to France later this August, and I am a little nervous about my passport. I got it in 2016 and it ex..."
10,2,1hzjagh,femaletravels,2025-01-12 09:39:48,7,25,US border control question,US border control question This might seem like such a simple question but I’ve tried to google it and I at least can’t find the info I’m actually looking for.. I’m flying to the US for the first time...
10,3,1dl5dd6,femaletravels,2024-06-21 14:29:37,31,16,Passport name change FYI,Passport name change FYI I almost didn’t make it to my 10 day trip to Chile because of a passport name change issue. I changed my name through marriage but the Department of State said it didn’t count...
11,1,1dgrgdh,solofemaletravellers,2024-06-15 20:58:18,5,1,"Solo female camping/ road tripping, extra safety tips ","Solo female camping/ road tripping, extra safety tips I am solo female traveler and I may start living off my car and live off camping due to finances. I have went on one solo road trip across Califor..."
11,2,1onk1ba,femaletravels,2025-11-03 18:39:35,5,11,Solo travel with my dog?,"Solo travel with my dog? Hey everyone, I’m not really sure where to post this so if this isn’t the place or anyone has more ideas on where to post please let me know! But anyway, I’m a 27-year-old wom..."
11,3,14bqblg,femaletravels,2023-06-17 12:48:38,13,6,Travel when you have older pets,"Travel when you have older pets I will try this here as well. One of my dogs died 4 weeks ago, abruptly. I was not home that day, I had left the day before and she was fine. I got a call at 7pm from m..."
12,1,vdp3q9,femaletravels,2022-06-16 15:52:31,8,14,Cultural or Red Flag?,Cultural or Red Flag? Hey! Hoping someone here is familiar with Botswanan culture and can help me gauge whether this is strange or not. I booked a guided multi-day camping excursion (**super** excited...
12,2,17g1rhw,femaletravels,2023-10-25 10:36:15,1,1,Advice on booking tour guide services,"Advice on booking tour guide services Hi everyone. So I was supposed to go to Indonesia next month and I booked a transportation service/tour guide for 2 days. For the booking, I paid 300k rupiah as t..."
12,3,17g3mj8,femaletravels,2023-10-25 12:29:51,34,20,Cancelled on a tourist guide,Cancelled on a tourist guide Hi. I was supposed to travel to Indonesia. Got everything sorted out including the transportation + tourist guide service. I paid around 300k rupiah to my tourist guide as...
